,Sales(t-2),Sales(t-1)
30,0.3651917900612813,1.501451656750628
31,1.501451656750628,-1.9073279433174102
32,-1.9073279433174102,3.0198067531208026
33,3.0198067531208026,-2.339552284763946
34,-2.339552284763946,1.1438639928219212
