,Sales(t-2),Sales(t-1)
24,0.8297215590901615,-0.06591857112379396
25,-0.06591857112379396,1.0848230389645341
26,1.0848230389645341,-1.4238605098437083
27,-1.4238605098437083,1.3376965583159872
28,1.3376965583159872,-0.4602675836806844
29,-0.4602675836806844,0.3651917900612813
